{
    "name": "Dremel3D40",
    "id": "Dremel3D40",
    "inherits": "fdmprinter",
    "version": 2,
    "metadata": {
        "visible": true,
        "author": "3PI Tech Solutions",
        "manufacturer": "Dremel",
        "file_formats": "application/x-g3drem;text/x-gcode",
        "has_machine_materials": true,
        "has_machine_quality": true,
        "has_materials": true,
        "has_variant_materials": true,
        "machine_extruder_trains": { "0": "Dremel_3D40_extruder_0"},
        "platform": "Dremel_3D40_platform.stl",
        "preferred_material": "dremel_pla",
        "preferred_quality": "normal",
        "supports_usb_connection": false,
        "exclude_materials": [
            "dsm_",
            "Essentium_",
            "imade3d_",
            "chromatik_",
            "dremel_tpu",
            "dremel_petg",
            "dremel_eco_",
            "dremel_nylon",
            "3D-Fuel_",
            "bestfilament_",
            "emotiontech_",
            "eryone_",
            "eSUN_",
            "Extrudr_",
            "fabtotum_",
            "fdplast_",
            "filo3d_",
            "generic_",
            "goofoo_",
            "ideagen3D_",
            "imade3d_",
            "innofill_",
            "layer_one_",
            "leapfrog_",
            "polyflex_pla",
            "polymax_pla",
            "polyplus_pla",
            "polywood_pla",
            "redd_",
            "tizyx_",
            "verbatim_",
            "Vertex_",
            "volumic_",
            "xyzprinting_",
            "zyyx_pro_",
            "octofiber_",
            "fiberlogy_",
            "ultimaker_"
        ]
    },
    "overrides": {
        "acceleration_enabled": { "value": false },
        "acceleration_print": { "value": 1200 },
        "acceleration_travel": { "value": 2000 },
        "acceleration_travel_layer_0": { "value": "acceleration_travel" },
        "adhesion_type": { "default_value": "none" },
        "cool_fan_speed_max": { "default_value": 100 },
        "cool_fan_speed_min": { "default_value": 20 },
        "gantry_height": { "default_value": 30 },
        "infill_sparse_density": { "default_value": 20 },
        "infill_sparse_thickness": { "maximum_value_warning": 0.34 },
        "jerk_enabled": { "value": false },
        "jerk_print": { "value": 5.0 },
        "jerk_travel": { "value": "jerk_print" },
        "jerk_travel_layer_0": { "value": "jerk_travel" },
        "layer_height": { "default_value": 0.2, "maximum_value_warning": 0.34 },
        "machine_center_is_zero": { "default_value": true },
        "machine_depth": { "default_value": 155 },
        "machine_end_gcode": { "default_value": "M104 S0\nM140 S0\nG92 E1\nG1 E-1 F300\nG162 Z F600\nG162 X Y F2000\nM84\n" },
        "machine_extruder_count": { "default_value": 1 },
        "machine_gcode_flavor": { "default_value": "Marlin" },
        "machine_head_with_fans_polygon": {
            "default_value": [
                [-15, -25],
                [-15, 35],
                [-25, 40],
                [35, 40]
            ]
        },
        "machine_heated_bed": { "default_value": false },
        "machine_height": { "default_value": 170 },
        "machine_name": { "default_value": "Dremel3D40" },
        "machine_nozzle_size": { "default_value": 0.4 },
        "machine_start_gcode": { "default_value": "G28\nG1 Z50.00 F400\nG92 E0\nG1 F200 E3\nG92 E0\nM132 X Y Z A\nM907 X100 Y100 Z50 A100" },
        "machine_width": { "default_value": 255 },
        "material_diameter": { "default_value": 1.75 },
        "material_initial_print_temperature": { "maximum_value_warning": "1.05 * material_print_temperature" },
        "material_final_print_temperature": { "maximum_value_warning": "1.05 * material_print_temperature" },
        "prime_tower_size": { "default_value": 8.660254037844387 },
        "retraction_speed": { "default_value": 100 },
        "speed_infill": { "default_value": 60 },
        "speed_print": { "default_value": 50 },
        "speed_topbottom": { "default_value": 35 },
        "speed_travel": { "default_value": 120 },
        "speed_wall_0": { "default_value": 40 },
        "speed_wall_x": { "default_value": 45 },
        "support_infill_sparse_thickness": { "maximum_value_warning": 0.34 },
        "cool_min_speed": { "default_value": 10 },
        "skirt_gap": { "default_value": 1 },
        "skirt_line_count": { "default_value": 7 },
        "adhesion_type": { "default_value": "skirt" },
        "support_enable": { "value": false }
    }
}